﻿action_loop1.thisRepN,action_loop1.thisTrialN,action_loop1.thisN,action_loop1.thisIndex,perception_loop.thisRepN,perception_loop.thisTrialN,perception_loop.thisN,perception_loop.thisIndex,action_loop2.thisRepN,action_loop2.thisTrialN,action_loop2.thisN,action_loop2.thisIndex,thisRow.t,notes,load_variables.started,load_variables.stopped,experiment_introduction.started,welcome_response.started,experiment_introduction.stopped,welcome_response.keys,welcome_response.rt,welcome_response.duration,perception_introduction.started,perception_intro_respone.started,perception_introduction.stopped,perception_intro_respone.keys,perception_intro_respone.rt,perception_intro_respone.duration,perception_fixation_routine.started,perception_fixation_routine.stopped,perception.started,Target,Phase,Valence,perception_response.started,perception.stopped,target_present,correct_response,perception_response.keys,perception_response.rt,perception_response.duration,action_introduction.started,action_intro_respone.started,action_introduction.stopped,action_intro_respone.keys,action_intro_respone.rt,action_intro_respone.duration,cursor_rest.started,cursorRestTracker.started,restingProgressBar.started,cursor_rest.stopped,cursorRestTracker.x,cursorRestTracker.y,cursorRestTracker.leftButton,cursorRestTracker.midButton,cursorRestTracker.rightButton,cursorRestTracker.time,action.started,cursorTracker.started,action.stopped,cursorTracker.x,cursorTracker.y,cursorTracker.leftButton,cursorTracker.midButton,cursorTracker.rightButton,cursorTracker.time,cursorTracker.corr,cursorTracker.clicked_name,thank_you.started,end_exp_resp.started,thank_you.stopped,end_exp_resp.keys,end_exp_resp.rt,end_exp_resp.duration,participant,session,date,expName,psychopyVersion,frameRate,expStart,
,,,,,,,,,,,,,,0.01859580003656447,0.019529199926182628,,,,,,,,,,,,,,,,,,,,,,,,,,,,,,,,,,,,,,,,,,,,,,,,,,,,,,,,,,,258184,001,2024-05-11_17h23.31.157,singletonAdditionalTask,2024.1.4,None,2024-05-11 17h23.43.867432 +0530,
,,,,,,,,,,,,,,,,0.01956159994006157,0.044311200035735965,1.3296835999935865,space,1.2652481000404805,None,,,,,,,,,,,,,,,,,,,,,,,,,,,,,,,,,,,,,,,,,,,,,,,,,,,,,258184,001,2024-05-11_17h23.31.157,singletonAdditionalTask,2024.1.4,None,2024-05-11 17h23.43.867432 +0530,
,,,,0,0,0,0,,,,,1.3526606000959873,,,,,,,,,,1.3324980000033975,1.3526606000959873,2.9247789001092315,space,1.55747179989703,None,2.925402699969709,3.223129800055176,3.2231735000386834,present,perception,neutral,3.267641599988565,6.105057700071484,True,1,right,2.8362038999330252,None,,,,,,,,,,,,,,,,,,,,,,,,,,,,,,,,,,258184,001,2024-05-11_17h23.31.157,singletonAdditionalTask,2024.1.4,None,2024-05-11 17h23.43.867432 +0530,
,,,,1,0,1,0,,,,,6.133503099903464,,,,,,,,,,6.108555200044066,,6.108608500100672,None,,,6.108706400031224,6.405527499970049,6.405569999944419,Absent,perception,NegativeHA,6.467289200052619,7.317660100059584,False,1,left,0.8298086000140756,None,,,,,,,,,,,,,,,,,,,,,,,,,,,,,,,,,,258184,001,2024-05-11_17h23.31.157,singletonAdditionalTask,2024.1.4,None,2024-05-11 17h23.43.867432 +0530,
,,,,,,,,0,0,0,0,7.339327699970454,,,,,,,,,,,,,,,,,,,absent,action,neutral,,,,,,,,7.320549400057644,7.339327699970454,8.62410799995996,space,1.277985200053081,None,8.624775199918076,8.649653899949044,8.649653899949044,10.323628900106996,[],[],[],[],[],[],10.32448730012402,10.382591699948534,12.034116700058803,[-0.03333333333333333],[0.01888888888888889],[1],[0],[0],[1.6802903001662344],[1],['target'],,,,,,,258184,001,2024-05-11_17h23.31.157,singletonAdditionalTask,2024.1.4,None,2024-05-11 17h23.43.867432 +0530,
,,,,,,,,1,0,1,0,12.065379800042138,,,,,,,,,,,,,,,,,,,Absent,action,PositiveHA,,,,,,,,12.03776689991355,,12.037822199985385,None,,,12.037909799953923,12.065379800042138,12.065379800042138,13.656272599939257,[-0.03333333333333333],[0.01888888888888889],[1],[0],[0],[0.00033549987711012363],13.656861500116065,13.715450499905273,16.66546369995922,[],[],[],[],[],[],[],[],,,,,,,258184,001,2024-05-11_17h23.31.157,singletonAdditionalTask,2024.1.4,None,2024-05-11 17h23.43.867432 +0530,
,,,,,,,,,,,,,,,,,,,,,,,,,,,,,,,,,,,,,,,,,,,,,,,,,,,,,,,,,,,,,,,,,,,,16.668160800123587,16.6854699999094,18.33748900005594,space,1.6474168000277132,None,258184,001,2024-05-11_17h23.31.157,singletonAdditionalTask,2024.1.4,None,2024-05-11 17h23.43.867432 +0530,
