image,code
NegativeHA/2703.jpg,negative HA
NegativeHA/2811.jpg,negative HA
NegativeHA/3000.jpg,negative HA
NegativeHA/3001.jpg,negative HA
NegativeHA/3005.1.jpg,negative HA
NegativeHA/3010.jpg,negative HA
NegativeHA/3015.jpg,negative HA
NegativeHA/3016.jpg,negative HA
NegativeHA/3030.jpg,negative HA
NegativeHA/3051.jpg,negative HA
NegativeHA/3053.jpg,negative HA
NegativeHA/3059.jpg,negative HA
NegativeHA/3060.jpg,negative HA
NegativeHA/3062.jpg,negative HA
NegativeHA/3063.jpg,negative HA
NegativeHA/3064.jpg,negative HA
NegativeHA/3068.jpg,negative HA
NegativeHA/3069.jpg,negative HA
NegativeHA/3071.jpg,negative HA
NegativeHA/3080.jpg,negative HA
NegativeHA/3100.jpg,negative HA
NegativeHA/3101.jpg,negative HA
NegativeHA/3102.jpg,negative HA
NegativeHA/3103.jpg,negative HA
NegativeHA/3110.jpg,negative HA
NegativeHA/3120.jpg,negative HA
NegativeHA/3130.jpg,negative HA
NegativeHA/3131.jpg,negative HA
NegativeHA/3140.jpg,negative HA
NegativeHA/3150.jpg,negative HA
NegativeHA/3168.jpg,negative HA
NegativeHA/3170.jpg,negative HA
NegativeHA/3180.jpg,negative HA
NegativeHA/3191.jpg,negative HA
NegativeHA/3195.jpg,negative HA
NegativeHA/3225.jpg,negative HA
NegativeHA/3261.jpg,negative HA
NegativeHA/3266.jpg,negative HA
NegativeHA/3350.jpg,negative HA
NegativeHA/3400.jpg,negative HA
NegativeHA/3500.jpg,negative HA
NegativeHA/3530.jpg,negative HA
NegativeHA/3550.1.jpg,negative HA
NegativeHA/6021.jpg,negative HA
NegativeHA/6022.jpg,negative HA
NegativeHA/6212.jpg,negative HA
NegativeHA/6243.jpg,negative HA
NegativeHA/6313.jpg,negative HA
NegativeHA/6315.jpg,negative HA
NegativeHA/6350.jpg,negative HA
NegativeHA/6360.jpg,negative HA
NegativeHA/6415.jpg,negative HA
NegativeHA/6520.jpg,negative HA
NegativeHA/6540.jpg,negative HA
NegativeHA/6560.jpg,negative HA
NegativeHA/6563.jpg,negative HA
NegativeHA/6570.jpg,negative HA
NegativeHA/6821.jpg,negative HA
NegativeHA/9040.jpg,negative HA
NegativeHA/9075.jpg,negative HA
NegativeHA/9163.jpg,negative HA
NegativeHA/9183.jpg,negative HA
NegativeHA/9185.jpg,negative HA
NegativeHA/9187.jpg,negative HA
NegativeHA/9252.jpg,negative HA
NegativeHA/9253.jpg,negative HA
NegativeHA/9254.jpg,negative HA
NegativeHA/9322.jpg,negative HA
NegativeHA/9325.jpg,negative HA
NegativeHA/9326.jpg,negative HA
NegativeHA/9405.jpg,negative HA
NegativeHA/9410.jpg,negative HA
NegativeHA/9412.jpg,negative HA
NegativeHA/9413.jpg,negative HA
NegativeHA/9414.jpg,negative HA
NegativeHA/9420.jpg,negative HA
NegativeHA/9428.jpg,negative HA
NegativeHA/9433.jpg,negative HA
NegativeHA/9570.jpg,negative HA
NegativeHA/9571.jpg,negative HA
NegativeHA/9635.1.jpg,negative HA
NegativeHA/9800.jpg,negative HA
NegativeHA/9810.jpg,negative HA
NegativeHA/9902.jpg,negative HA
NegativeHA/9908.jpg,negative HA
NegativeHA/9910.jpg,negative HA
NegativeHA/9911.jpg,negative HA
NegativeHA/9921.jpg,negative HA
NegativeHA/9940.jpg,negative HA