imgage,code
LowA(Neutral)/1450.jpg,LowANeutral
LowA(Neutral)/1670.jpg,LowANeutral
LowA(Neutral)/1812.jpg,LowANeutral
LowA(Neutral)/2070.jpg,LowANeutral
LowA(Neutral)/2102.jpg,LowANeutral
LowA(Neutral)/2104.jpg,LowANeutral
LowA(Neutral)/2153.jpg,LowANeutral
LowA(Neutral)/2190.jpg,LowANeutral
LowA(Neutral)/2200.jpg,LowANeutral
LowA(Neutral)/2205.jpg,LowANeutral
LowA(Neutral)/2215.jpg,LowANeutral
LowA(Neutral)/2221.jpg,LowANeutral
LowA(Neutral)/2235.jpg,LowANeutral
LowA(Neutral)/2270.jpg,LowANeutral
LowA(Neutral)/2273.jpg,LowANeutral
LowA(Neutral)/2312.jpg,LowANeutral
LowA(Neutral)/2320.jpg,LowANeutral
LowA(Neutral)/2377.jpg,LowANeutral
LowA(Neutral)/2383.jpg,LowANeutral
LowA(Neutral)/2396.jpg,LowANeutral
LowA(Neutral)/2397.jpg,LowANeutral
LowA(Neutral)/2411.jpg,LowANeutral
LowA(Neutral)/2440.jpg,LowANeutral
LowA(Neutral)/2489.jpg,LowANeutral
LowA(Neutral)/2491.jpg,LowANeutral
LowA(Neutral)/2493.jpg,LowANeutral
LowA(Neutral)/2495.jpg,LowANeutral
LowA(Neutral)/2499.jpg,LowANeutral
LowA(Neutral)/2506.jpg,LowANeutral
LowA(Neutral)/2512.jpg,LowANeutral
LowA(Neutral)/2513.jpg,LowANeutral
LowA(Neutral)/2516.jpg,LowANeutral
LowA(Neutral)/2518.jpg,LowANeutral
LowA(Neutral)/2530.jpg,LowANeutral
LowA(Neutral)/2560.jpg,LowANeutral
LowA(Neutral)/2570.jpg,LowANeutral
LowA(Neutral)/2580.jpg,LowANeutral
LowA(Neutral)/2593.jpg,LowANeutral
LowA(Neutral)/2620.jpg,LowANeutral
LowA(Neutral)/2695.jpg,LowANeutral
LowA(Neutral)/2720.jpg,LowANeutral
LowA(Neutral)/2745.1.jpg,LowANeutral
LowA(Neutral)/2840.jpg,LowANeutral
LowA(Neutral)/2850.jpg,LowANeutral
LowA(Neutral)/2870.jpg,LowANeutral
LowA(Neutral)/2890.jpg,LowANeutral
LowA(Neutral)/2900.2.jpg,LowANeutral
LowA(Neutral)/2980.jpg,LowANeutral
LowA(Neutral)/4561.jpg,LowANeutral
LowA(Neutral)/4622.jpg,LowANeutral
LowA(Neutral)/5875.jpg,LowANeutral
LowA(Neutral)/7004.jpg,LowANeutral
LowA(Neutral)/7006.jpg,LowANeutral
LowA(Neutral)/7010.jpg,LowANeutral
LowA(Neutral)/7014.jpg,LowANeutral
LowA(Neutral)/7016.jpg,LowANeutral
LowA(Neutral)/7019.jpg,LowANeutral
LowA(Neutral)/7020.jpg,LowANeutral
LowA(Neutral)/7025.jpg,LowANeutral
LowA(Neutral)/7030.jpg,LowANeutral
LowA(Neutral)/7031.jpg,LowANeutral
LowA(Neutral)/7032.jpg,LowANeutral
LowA(Neutral)/7034.jpg,LowANeutral
LowA(Neutral)/7036.jpg,LowANeutral
LowA(Neutral)/7040.jpg,LowANeutral
LowA(Neutral)/7041.jpg,LowANeutral
LowA(Neutral)/7050.jpg,LowANeutral
LowA(Neutral)/7052.jpg,LowANeutral
LowA(Neutral)/7057.jpg,LowANeutral
LowA(Neutral)/7060.jpg,LowANeutral
LowA(Neutral)/7100.jpg,LowANeutral
LowA(Neutral)/7130.jpg,LowANeutral
LowA(Neutral)/7140.jpg,LowANeutral
LowA(Neutral)/7150.jpg,LowANeutral
LowA(Neutral)/7185.jpg,LowANeutral
LowA(Neutral)/7187.jpg,LowANeutral
LowA(Neutral)/7217.jpg,LowANeutral
LowA(Neutral)/7234.jpg,LowANeutral
LowA(Neutral)/7235.jpg,LowANeutral
LowA(Neutral)/7300.jpg,LowANeutral
LowA(Neutral)/7365.jpg,LowANeutral
LowA(Neutral)/7509.jpg,LowANeutral
LowA(Neutral)/7513.jpg,LowANeutral
LowA(Neutral)/7705.jpg,LowANeutral
LowA(Neutral)/7710.jpg,LowANeutral
LowA(Neutral)/7950.jpg,LowANeutral
LowA(Neutral)/9210.jpg,LowANeutral
LowA(Neutral)/9260.jpg,LowANeutral
LowA(Neutral)/9700.jpg,LowANeutral