image,code
PositiveHA/1650.jpg,Positive HA
PositiveHA/2208.jpg,Positive HA
PositiveHA/2209.jpg,Positive HA
PositiveHA/2216.jpg,Positive HA
PositiveHA/2300.jpg,Positive HA
PositiveHA/2347.jpg,Positive HA
PositiveHA/2389.jpg,Positive HA
PositiveHA/4007.jpg,Positive HA
PositiveHA/4220.jpg,Positive HA
PositiveHA/4225.jpg,Positive HA
PositiveHA/4290.jpg,Positive HA
PositiveHA/4311.jpg,Positive HA
PositiveHA/4490.jpg,Positive HA
PositiveHA/4597.jpg,Positive HA
PositiveHA/4599.jpg,Positive HA
PositiveHA/4607.jpg,Positive HA
PositiveHA/4608.jpg,Positive HA
PositiveHA/4611.jpg,Positive HA
PositiveHA/4626.jpg,Positive HA
PositiveHA/4643.jpg,Positive HA
PositiveHA/4645.jpg,Positive HA
PositiveHA/4650.jpg,Positive HA
PositiveHA/4651.jpg,Positive HA
PositiveHA/4652.jpg,Positive HA
PositiveHA/4653.jpg,Positive HA
PositiveHA/4656.jpg,Positive HA
PositiveHA/4658.jpg,Positive HA
PositiveHA/4659.jpg,Positive HA
PositiveHA/4660.jpg,Positive HA
PositiveHA/4664.jpg,Positive HA
PositiveHA/4666.jpg,Positive HA
PositiveHA/4668.jpg,Positive HA
PositiveHA/4670.jpg,Positive HA
PositiveHA/4672.jpg,Positive HA
PositiveHA/4676.jpg,Positive HA
PositiveHA/4677.jpg,Positive HA
PositiveHA/4680.jpg,Positive HA
PositiveHA/4681.jpg,Positive HA
PositiveHA/4683.jpg,Positive HA
PositiveHA/4687.jpg,Positive HA
PositiveHA/4689.jpg,Positive HA
PositiveHA/4690.jpg,Positive HA
PositiveHA/4693.jpg,Positive HA
PositiveHA/4694.jpg,Positive HA
PositiveHA/4695.jpg,Positive HA
PositiveHA/4697.jpg,Positive HA
PositiveHA/4698.jpg,Positive HA
PositiveHA/4800.jpg,Positive HA
PositiveHA/4810.jpg,Positive HA
PositiveHA/5450.jpg,Positive HA
PositiveHA/5470.jpg,Positive HA
PositiveHA/5621.jpg,Positive HA
PositiveHA/5626.jpg,Positive HA
PositiveHA/7515.jpg,Positive HA
PositiveHA/8001.jpg,Positive HA
PositiveHA/8021.jpg,Positive HA
PositiveHA/8030.jpg,Positive HA
PositiveHA/8031.jpg,Positive HA
PositiveHA/8034.jpg,Positive HA
PositiveHA/8040.jpg,Positive HA
PositiveHA/8090.jpg,Positive HA
PositiveHA/8116.jpg,Positive HA
PositiveHA/8158.jpg,Positive HA
PositiveHA/8161.jpg,Positive HA
PositiveHA/8163.jpg,Positive HA
PositiveHA/8178.jpg,Positive HA
PositiveHA/8179.jpg,Positive HA
PositiveHA/8180.jpg,Positive HA
PositiveHA/8186.jpg,Positive HA
PositiveHA/8193.jpg,Positive HA
PositiveHA/8200.jpg,Positive HA
PositiveHA/8206.jpg,Positive HA
PositiveHA/8210.jpg,Positive HA
PositiveHA/8251.jpg,Positive HA
PositiveHA/8300.jpg,Positive HA
PositiveHA/8340.jpg,Positive HA
PositiveHA/8341.jpg,Positive HA
PositiveHA/8370.jpg,Positive HA
PositiveHA/8380.jpg,Positive HA
PositiveHA/8400.jpg,Positive HA
PositiveHA/8420.jpg,Positive HA
PositiveHA/8470.jpg,Positive HA
PositiveHA/8490.jpg,Positive HA
PositiveHA/8492.jpg,Positive HA
PositiveHA/8496.jpg,Positive HA
PositiveHA/8499.jpg,Positive HA
PositiveHA/8501.jpg,Positive HA
PositiveHA/8502.jpg,Positive HA
PositiveHA/8620.jpg,Positive HA
PositiveHA/9156.jpg,Positive HA